{
    "loss": 0.1076415404677391,
    "accuracy": 0.9568345546722412
}